,id,B,S,size,density,iterations,file,density_evolution
0,0,9,0,10,0.5,10,./data2/dataset6/individuals/ca_pair_0_0,"[0.51, 0.51, 0.51, 0.51, 0.51, 0.51, 0.51, 0.51, 0.51, 0.51]"
1,1,9,0,10,0.5,10,./data2/dataset6/individuals/ca_pair_0_1,"[0.43, 0.43, 0.43, 0.43, 0.43, 0.43, 0.43, 0.43, 0.43, 0.43]"
2,2,9,0,10,0.5,10,./data2/dataset6/individuals/ca_pair_0_2,"[0.5, 0.5, 0.5, 0.5, 0.5, 0.5, 0.5, 0.5, 0.5, 0.5]"
3,3,9,0,10,0.5,10,./data2/dataset6/individuals/ca_pair_0_3,"[0.55, 0.55, 0.55, 0.55, 0.55, 0.55, 0.55, 0.55, 0.55, 0.55]"
4,4,9,0,10,0.5,10,./data2/dataset6/individuals/ca_pair_0_4,"[0.55, 0.55, 0.55, 0.55, 0.55, 0.55, 0.55, 0.55, 0.55, 0.55]"
5,5,9,0,10,0.5,10,./data2/dataset6/individuals/ca_pair_0_5,"[0.47, 0.47, 0.47, 0.47, 0.47, 0.47, 0.47, 0.47, 0.47, 0.47]"
6,6,9,0,10,0.5,10,./data2/dataset6/individuals/ca_pair_0_6,"[0.53, 0.53, 0.53, 0.53, 0.53, 0.53, 0.53, 0.53, 0.53, 0.53]"
7,7,9,0,10,0.5,10,./data2/dataset6/individuals/ca_pair_0_7,"[0.59, 0.59, 0.59, 0.59, 0.59, 0.59, 0.59, 0.59, 0.59, 0.59]"
8,8,9,0,10,0.5,10,./data2/dataset6/individuals/ca_pair_0_8,"[0.52, 0.52, 0.52, 0.52, 0.52, 0.52, 0.52, 0.52, 0.52, 0.52]"
9,9,9,0,10,0.5,10,./data2/dataset6/individuals/ca_pair_0_9,"[0.52, 0.52, 0.52, 0.52, 0.52, 0.52, 0.52, 0.52, 0.52, 0.52]"
10,10,9,0,10,0.5,10,./data2/dataset6/individuals/ca_pair_0_10,"[0.51, 0.51, 0.51, 0.51, 0.51, 0.51, 0.51, 0.51, 0.51, 0.51]"
11,11,9,0,10,0.5,10,./data2/dataset6/individuals/ca_pair_0_11,"[0.51, 0.51, 0.51, 0.51, 0.51, 0.51, 0.51, 0.51, 0.51, 0.51]"
12,12,9,0,10,0.5,10,./data2/dataset6/individuals/ca_pair_0_12,"[0.46, 0.46, 0.46, 0.46, 0.46, 0.46, 0.46, 0.46, 0.46, 0.46]"
13,13,9,0,10,0.5,10,./data2/dataset6/individuals/ca_pair_0_13,"[0.4, 0.4, 0.4, 0.4, 0.4, 0.4, 0.4, 0.4, 0.4, 0.4]"
14,14,9,0,10,0.5,10,./data2/dataset6/individuals/ca_pair_0_14,"[0.53, 0.53, 0.53, 0.53, 0.53, 0.53, 0.53, 0.53, 0.53, 0.53]"
15,15,9,0,10,0.5,10,./data2/dataset6/individuals/ca_pair_0_15,"[0.42, 0.42, 0.42, 0.42, 0.42, 0.42, 0.42, 0.42, 0.42, 0.42]"
16,16,9,0,10,0.5,10,./data2/dataset6/individuals/ca_pair_0_16,"[0.48, 0.48, 0.48, 0.48, 0.48, 0.48, 0.48, 0.48, 0.48, 0.48]"
17,17,9,0,10,0.5,10,./data2/dataset6/individuals/ca_pair_0_17,"[0.54, 0.54, 0.54, 0.54, 0.54, 0.54, 0.54, 0.54, 0.54, 0.54]"
18,18,9,0,10,0.5,10,./data2/dataset6/individuals/ca_pair_0_18,"[0.48, 0.48, 0.48, 0.48, 0.48, 0.48, 0.48, 0.48, 0.48, 0.48]"
19,19,9,0,10,0.5,10,./data2/dataset6/individuals/ca_pair_0_19,"[0.48, 0.48, 0.48, 0.48, 0.48, 0.48, 0.48, 0.48, 0.48, 0.48]"
20,20,9,0,10,0.5,10,./data2/dataset6/individuals/ca_pair_0_20,"[0.55, 0.55, 0.55, 0.55, 0.55, 0.55, 0.55, 0.55, 0.55, 0.55]"
21,21,9,0,10,0.5,10,./data2/dataset6/individuals/ca_pair_0_21,"[0.44, 0.44, 0.44, 0.44, 0.44, 0.44, 0.44, 0.44, 0.44, 0.44]"
22,22,9,0,10,0.5,10,./data2/dataset6/individuals/ca_pair_0_22,"[0.46, 0.46, 0.46, 0.46, 0.46, 0.46, 0.46, 0.46, 0.46, 0.46]"
23,23,9,0,10,0.5,10,./data2/dataset6/individuals/ca_pair_0_23,"[0.55, 0.55, 0.55, 0.55, 0.55, 0.55, 0.55, 0.55, 0.55, 0.55]"
24,24,9,0,10,0.5,10,./data2/dataset6/individuals/ca_pair_0_24,"[0.48, 0.48, 0.48, 0.48, 0.48, 0.48, 0.48, 0.48, 0.48, 0.48]"
25,25,9,0,10,0.5,10,./data2/dataset6/individuals/ca_pair_0_25,"[0.47, 0.47, 0.47, 0.47, 0.47, 0.47, 0.47, 0.47, 0.47, 0.47]"
26,26,9,0,10,0.5,10,./data2/dataset6/individuals/ca_pair_0_26,"[0.41, 0.41, 0.41, 0.41, 0.41, 0.41, 0.41, 0.41, 0.41, 0.41]"
27,27,9,0,10,0.5,10,./data2/dataset6/individuals/ca_pair_0_27,"[0.57, 0.57, 0.57, 0.57, 0.57, 0.57, 0.57, 0.57, 0.57, 0.57]"
28,28,9,0,10,0.5,10,./data2/dataset6/individuals/ca_pair_0_28,"[0.53, 0.53, 0.53, 0.53, 0.53, 0.53, 0.53, 0.53, 0.53, 0.53]"
29,29,9,0,10,0.5,10,./data2/dataset6/individuals/ca_pair_0_29,"[0.53, 0.53, 0.53, 0.53, 0.53, 0.53, 0.53, 0.53, 0.53, 0.53]"
30,0,9,1,10,0.5,10,./data2/dataset6/individuals/ca_pair_1_0,"[0.51, 0.51, 0.51, 0.51, 0.51, 0.51, 0.51, 0.51, 0.51, 0.51]"
31,1,9,1,10,0.5,10,./data2/dataset6/individuals/ca_pair_1_1,"[0.49, 0.49, 0.49, 0.49, 0.49, 0.49, 0.49, 0.49, 0.49, 0.49]"
32,2,9,1,10,0.5,10,./data2/dataset6/individuals/ca_pair_1_2,"[0.52, 0.52, 0.52, 0.52, 0.52, 0.52, 0.52, 0.52, 0.52, 0.52]"
33,3,9,1,10,0.5,10,./data2/dataset6/individuals/ca_pair_1_3,"[0.48, 0.48, 0.48, 0.48, 0.48, 0.48, 0.48, 0.48, 0.48, 0.48]"
34,4,9,1,10,0.5,10,./data2/dataset6/individuals/ca_pair_1_4,"[0.56, 0.56, 0.56, 0.56, 0.56, 0.56, 0.56, 0.56, 0.56, 0.56]"
35,5,9,1,10,0.5,10,./data2/dataset6/individuals/ca_pair_1_5,"[0.53, 0.53, 0.53, 0.53, 0.53, 0.53, 0.53, 0.53, 0.53, 0.53]"
36,6,9,1,10,0.5,10,./data2/dataset6/individuals/ca_pair_1_6,"[0.53, 0.52, 0.52, 0.52, 0.52, 0.52, 0.52, 0.52, 0.52, 0.52]"
37,7,9,1,10,0.5,10,./data2/dataset6/individuals/ca_pair_1_7,"[0.53, 0.53, 0.53, 0.53, 0.53, 0.53, 0.53, 0.53, 0.53, 0.53]"
38,8,9,1,10,0.5,10,./data2/dataset6/individuals/ca_pair_1_8,"[0.54, 0.54, 0.54, 0.54, 0.54, 0.54, 0.54, 0.54, 0.54, 0.54]"
39,9,9,1,10,0.5,10,./data2/dataset6/individuals/ca_pair_1_9,"[0.64, 0.64, 0.64, 0.64, 0.64, 0.64, 0.64, 0.64, 0.64, 0.64]"
40,10,9,1,10,0.5,10,./data2/dataset6/individuals/ca_pair_1_10,"[0.53, 0.53, 0.53, 0.53, 0.53, 0.53, 0.53, 0.53, 0.53, 0.53]"
41,11,9,1,10,0.5,10,./data2/dataset6/individuals/ca_pair_1_11,"[0.47, 0.47, 0.47, 0.47, 0.47, 0.47, 0.47, 0.47, 0.47, 0.47]"
42,12,9,1,10,0.5,10,./data2/dataset6/individuals/ca_pair_1_12,"[0.47, 0.47, 0.47, 0.47, 0.47, 0.47, 0.47, 0.47, 0.47, 0.47]"
43,13,9,1,10,0.5,10,./data2/dataset6/individuals/ca_pair_1_13,"[0.5, 0.5, 0.5, 0.5, 0.5, 0.5, 0.5, 0.5, 0.5, 0.5]"
44,14,9,1,10,0.5,10,./data2/dataset6/individuals/ca_pair_1_14,"[0.49, 0.48, 0.48, 0.48, 0.48, 0.48, 0.48, 0.48, 0.48, 0.48]"
45,15,9,1,10,0.5,10,./data2/dataset6/individuals/ca_pair_1_15,"[0.51, 0.51, 0.51, 0.51, 0.51, 0.51, 0.51, 0.51, 0.51, 0.51]"
46,16,9,1,10,0.5,10,./data2/dataset6/individuals/ca_pair_1_16,"[0.53, 0.53, 0.53, 0.53, 0.53, 0.53, 0.53, 0.53, 0.53, 0.53]"
47,17,9,1,10,0.5,10,./data2/dataset6/individuals/ca_pair_1_17,"[0.53, 0.53, 0.53, 0.53, 0.53, 0.53, 0.53, 0.53, 0.53, 0.53]"
48,18,9,1,10,0.5,10,./data2/dataset6/individuals/ca_pair_1_18,"[0.51, 0.51, 0.51, 0.51, 0.51, 0.51, 0.51, 0.51, 0.51, 0.51]"
49,19,9,1,10,0.5,10,./data2/dataset6/individuals/ca_pair_1_19,"[0.57, 0.57, 0.57, 0.57, 0.57, 0.57, 0.57, 0.57, 0.57, 0.57]"
50,20,9,1,10,0.5,10,./data2/dataset6/individuals/ca_pair_1_20,"[0.48, 0.48, 0.48, 0.48, 0.48, 0.48, 0.48, 0.48, 0.48, 0.48]"
51,21,9,1,10,0.5,10,./data2/dataset6/individuals/ca_pair_1_21,"[0.6, 0.6, 0.6, 0.6, 0.6, 0.6, 0.6, 0.6, 0.6, 0.6]"
52,22,9,1,10,0.5,10,./data2/dataset6/individuals/ca_pair_1_22,"[0.46, 0.46, 0.46, 0.46, 0.46, 0.46, 0.46, 0.46, 0.46, 0.46]"
53,23,9,1,10,0.5,10,./data2/dataset6/individuals/ca_pair_1_23,"[0.52, 0.52, 0.52, 0.52, 0.52, 0.52, 0.52, 0.52, 0.52, 0.52]"
54,24,9,1,10,0.5,10,./data2/dataset6/individuals/ca_pair_1_24,"[0.48, 0.47, 0.47, 0.47, 0.47, 0.47, 0.47, 0.47, 0.47, 0.47]"
55,25,9,1,10,0.5,10,./data2/dataset6/individuals/ca_pair_1_25,"[0.43, 0.43, 0.43, 0.43, 0.43, 0.43, 0.43, 0.43, 0.43, 0.43]"
56,26,9,1,10,0.5,10,./data2/dataset6/individuals/ca_pair_1_26,"[0.51, 0.51, 0.51, 0.51, 0.51, 0.51, 0.51, 0.51, 0.51, 0.51]"
57,27,9,1,10,0.5,10,./data2/dataset6/individuals/ca_pair_1_27,"[0.52, 0.52, 0.52, 0.52, 0.52, 0.52, 0.52, 0.52, 0.52, 0.52]"
58,28,9,1,10,0.5,10,./data2/dataset6/individuals/ca_pair_1_28,"[0.55, 0.55, 0.55, 0.55, 0.55, 0.55, 0.55, 0.55, 0.55, 0.55]"
59,29,9,1,10,0.5,10,./data2/dataset6/individuals/ca_pair_1_29,"[0.52, 0.52, 0.52, 0.52, 0.52, 0.52, 0.52, 0.52, 0.52, 0.52]"
60,0,9,2,10,0.5,10,./data2/dataset6/individuals/ca_pair_2_0,"[0.5, 0.5, 0.5, 0.5, 0.5, 0.5, 0.5, 0.5, 0.5, 0.5]"
61,1,9,2,10,0.5,10,./data2/dataset6/individuals/ca_pair_2_1,"[0.52, 0.49, 0.49, 0.49, 0.49, 0.49, 0.49, 0.49, 0.49, 0.49]"
62,2,9,2,10,0.5,10,./data2/dataset6/individuals/ca_pair_2_2,"[0.49, 0.46, 0.45, 0.45, 0.45, 0.45, 0.45, 0.45, 0.45, 0.45]"
63,3,9,2,10,0.5,10,./data2/dataset6/individuals/ca_pair_2_3,"[0.47, 0.45, 0.44, 0.44, 0.44, 0.44, 0.44, 0.44, 0.44, 0.44]"
64,4,9,2,10,0.5,10,./data2/dataset6/individuals/ca_pair_2_4,"[0.49, 0.48, 0.48, 0.48, 0.48, 0.48, 0.48, 0.48, 0.48, 0.48]"
65,5,9,2,10,0.5,10,./data2/dataset6/individuals/ca_pair_2_5,"[0.54, 0.52, 0.52, 0.52, 0.52, 0.52, 0.52, 0.52, 0.52, 0.52]"
66,6,9,2,10,0.5,10,./data2/dataset6/individuals/ca_pair_2_6,"[0.58, 0.58, 0.58, 0.58, 0.58, 0.58, 0.58, 0.58, 0.58, 0.58]"
67,7,9,2,10,0.5,10,./data2/dataset6/individuals/ca_pair_2_7,"[0.5, 0.48, 0.48, 0.48, 0.48, 0.48, 0.48, 0.48, 0.48, 0.48]"
68,8,9,2,10,0.5,10,./data2/dataset6/individuals/ca_pair_2_8,"[0.45, 0.43, 0.41, 0.4, 0.4, 0.4, 0.4, 0.4, 0.4, 0.4]"
69,9,9,2,10,0.5,10,./data2/dataset6/individuals/ca_pair_2_9,"[0.54, 0.54, 0.54, 0.54, 0.54, 0.54, 0.54, 0.54, 0.54, 0.54]"
70,10,9,2,10,0.5,10,./data2/dataset6/individuals/ca_pair_2_10,"[0.55, 0.54, 0.54, 0.54, 0.54, 0.54, 0.54, 0.54, 0.54, 0.54]"
71,11,9,2,10,0.5,10,./data2/dataset6/individuals/ca_pair_2_11,"[0.48, 0.45, 0.44, 0.44, 0.44, 0.44, 0.44, 0.44, 0.44, 0.44]"
72,12,9,2,10,0.5,10,./data2/dataset6/individuals/ca_pair_2_12,"[0.52, 0.5, 0.5, 0.5, 0.5, 0.5, 0.5, 0.5, 0.5, 0.5]"
73,13,9,2,10,0.5,10,./data2/dataset6/individuals/ca_pair_2_13,"[0.39, 0.37, 0.36, 0.36, 0.36, 0.36, 0.36, 0.36, 0.36, 0.36]"
74,14,9,2,10,0.5,10,./data2/dataset6/individuals/ca_pair_2_14,"[0.51, 0.5, 0.49, 0.49, 0.49, 0.49, 0.49, 0.49, 0.49, 0.49]"
75,15,9,2,10,0.5,10,./data2/dataset6/individuals/ca_pair_2_15,"[0.51, 0.49, 0.49, 0.49, 0.49, 0.49, 0.49, 0.49, 0.49, 0.49]"
76,16,9,2,10,0.5,10,./data2/dataset6/individuals/ca_pair_2_16,"[0.52, 0.5, 0.5, 0.5, 0.5, 0.5, 0.5, 0.5, 0.5, 0.5]"
77,17,9,2,10,0.5,10,./data2/dataset6/individuals/ca_pair_2_17,"[0.58, 0.58, 0.58, 0.58, 0.58, 0.58, 0.58, 0.58, 0.58, 0.58]"
78,18,9,2,10,0.5,10,./data2/dataset6/individuals/ca_pair_2_18,"[0.5, 0.47, 0.45, 0.45, 0.45, 0.45, 0.45, 0.45, 0.45, 0.45]"
79,19,9,2,10,0.5,10,./data2/dataset6/individuals/ca_pair_2_19,"[0.46, 0.43, 0.43, 0.43, 0.43, 0.43, 0.43, 0.43, 0.43, 0.43]"
80,20,9,2,10,0.5,10,./data2/dataset6/individuals/ca_pair_2_20,"[0.56, 0.54, 0.54, 0.54, 0.54, 0.54, 0.54, 0.54, 0.54, 0.54]"
81,21,9,2,10,0.5,10,./data2/dataset6/individuals/ca_pair_2_21,"[0.49, 0.48, 0.48, 0.48, 0.48, 0.48, 0.48, 0.48, 0.48, 0.48]"
82,22,9,2,10,0.5,10,./data2/dataset6/individuals/ca_pair_2_22,"[0.56, 0.55, 0.55, 0.55, 0.55, 0.55, 0.55, 0.55, 0.55, 0.55]"
83,23,9,2,10,0.5,10,./data2/dataset6/individuals/ca_pair_2_23,"[0.51, 0.5, 0.5, 0.5, 0.5, 0.5, 0.5, 0.5, 0.5, 0.5]"
84,24,9,2,10,0.5,10,./data2/dataset6/individuals/ca_pair_2_24,"[0.43, 0.39, 0.38, 0.38, 0.38, 0.38, 0.38, 0.38, 0.38, 0.38]"
85,25,9,2,10,0.5,10,./data2/dataset6/individuals/ca_pair_2_25,"[0.51, 0.49, 0.49, 0.49, 0.49, 0.49, 0.49, 0.49, 0.49, 0.49]"
86,26,9,2,10,0.5,10,./data2/dataset6/individuals/ca_pair_2_26,"[0.51, 0.51, 0.51, 0.51, 0.51, 0.51, 0.51, 0.51, 0.51, 0.51]"
87,27,9,2,10,0.5,10,./data2/dataset6/individuals/ca_pair_2_27,"[0.48, 0.45, 0.45, 0.45, 0.45, 0.45, 0.45, 0.45, 0.45, 0.45]"
88,28,9,2,10,0.5,10,./data2/dataset6/individuals/ca_pair_2_28,"[0.48, 0.45, 0.44, 0.44, 0.44, 0.44, 0.44, 0.44, 0.44, 0.44]"
89,29,9,2,10,0.5,10,./data2/dataset6/individuals/ca_pair_2_29,"[0.53, 0.52, 0.52, 0.52, 0.52, 0.52, 0.52, 0.52, 0.52, 0.52]"
90,0,9,3,10,0.5,10,./data2/dataset6/individuals/ca_pair_3_0,"[0.53, 0.46, 0.43, 0.42, 0.4, 0.39, 0.39, 0.39, 0.39, 0.39]"
91,1,9,3,10,0.5,10,./data2/dataset6/individuals/ca_pair_3_1,"[0.57, 0.53, 0.51, 0.51, 0.51, 0.51, 0.51, 0.51, 0.51, 0.51]"
92,2,9,3,10,0.5,10,./data2/dataset6/individuals/ca_pair_3_2,"[0.51, 0.46, 0.44, 0.44, 0.44, 0.44, 0.44, 0.44, 0.44, 0.44]"
93,3,9,3,10,0.5,10,./data2/dataset6/individuals/ca_pair_3_3,"[0.49, 0.45, 0.44, 0.43, 0.41, 0.41, 0.41, 0.41, 0.41, 0.41]"
94,4,9,3,10,0.5,10,./data2/dataset6/individuals/ca_pair_3_4,"[0.54, 0.46, 0.44, 0.44, 0.44, 0.44, 0.44, 0.44, 0.44, 0.44]"
95,5,9,3,10,0.5,10,./data2/dataset6/individuals/ca_pair_3_5,"[0.53, 0.46, 0.4, 0.35, 0.34, 0.34, 0.34, 0.34, 0.34, 0.34]"
96,6,9,3,10,0.5,10,./data2/dataset6/individuals/ca_pair_3_6,"[0.51, 0.46, 0.42, 0.4, 0.37, 0.34, 0.33, 0.32, 0.31, 0.3]"
97,7,9,3,10,0.5,10,./data2/dataset6/individuals/ca_pair_3_7,"[0.41, 0.3, 0.25, 0.21, 0.17, 0.15, 0.12, 0.1, 0.09, 0.08]"
98,8,9,3,10,0.5,10,./data2/dataset6/individuals/ca_pair_3_8,"[0.43, 0.31, 0.26, 0.22, 0.18, 0.15, 0.13, 0.1, 0.1, 0.1]"
99,9,9,3,10,0.5,10,./data2/dataset6/individuals/ca_pair_3_9,"[0.48, 0.38, 0.31, 0.27, 0.23, 0.19, 0.17, 0.16, 0.16, 0.16]"
100,10,9,3,10,0.5,10,./data2/dataset6/individuals/ca_pair_3_10,"[0.54, 0.49, 0.44, 0.42, 0.42, 0.42, 0.42, 0.42, 0.42, 0.42]"
101,11,9,3,10,0.5,10,./data2/dataset6/individuals/ca_pair_3_11,"[0.54, 0.47, 0.46, 0.46, 0.46, 0.46, 0.46, 0.46, 0.46, 0.46]"
102,12,9,3,10,0.5,10,./data2/dataset6/individuals/ca_pair_3_12,"[0.58, 0.53, 0.49, 0.47, 0.46, 0.45, 0.44, 0.43, 0.42, 0.41]"
103,13,9,3,10,0.5,10,./data2/dataset6/individuals/ca_pair_3_13,"[0.56, 0.54, 0.53, 0.52, 0.52, 0.52, 0.52, 0.52, 0.52, 0.52]"
104,14,9,3,10,0.5,10,./data2/dataset6/individuals/ca_pair_3_14,"[0.46, 0.38, 0.35, 0.33, 0.3, 0.28, 0.27, 0.26, 0.25, 0.24]"
105,15,9,3,10,0.5,10,./data2/dataset6/individuals/ca_pair_3_15,"[0.47, 0.32, 0.27, 0.23, 0.21, 0.19, 0.16, 0.15, 0.14, 0.12]"
106,16,9,3,10,0.5,10,./data2/dataset6/individuals/ca_pair_3_16,"[0.52, 0.43, 0.39, 0.37, 0.36, 0.34, 0.33, 0.33, 0.33, 0.33]"
107,17,9,3,10,0.5,10,./data2/dataset6/individuals/ca_pair_3_17,"[0.6, 0.57, 0.56, 0.56, 0.56, 0.56, 0.56, 0.56, 0.56, 0.56]"
108,18,9,3,10,0.5,10,./data2/dataset6/individuals/ca_pair_3_18,"[0.49, 0.4, 0.37, 0.36, 0.36, 0.36, 0.36, 0.36, 0.36, 0.36]"
109,19,9,3,10,0.5,10,./data2/dataset6/individuals/ca_pair_3_19,"[0.53, 0.48, 0.45, 0.42, 0.41, 0.4, 0.4, 0.4, 0.4, 0.4]"
110,20,9,3,10,0.5,10,./data2/dataset6/individuals/ca_pair_3_20,"[0.49, 0.45, 0.42, 0.4, 0.38, 0.37, 0.36, 0.35, 0.34, 0.34]"
111,21,9,3,10,0.5,10,./data2/dataset6/individuals/ca_pair_3_21,"[0.52, 0.45, 0.43, 0.4, 0.39, 0.39, 0.39, 0.39, 0.39, 0.39]"
112,22,9,3,10,0.5,10,./data2/dataset6/individuals/ca_pair_3_22,"[0.42, 0.29, 0.25, 0.25, 0.25, 0.25, 0.25, 0.25, 0.25, 0.25]"
113,23,9,3,10,0.5,10,./data2/dataset6/individuals/ca_pair_3_23,"[0.55, 0.53, 0.53, 0.53, 0.53, 0.53, 0.53, 0.53, 0.53, 0.53]"
114,24,9,3,10,0.5,10,./data2/dataset6/individuals/ca_pair_3_24,"[0.62, 0.61, 0.6, 0.59, 0.59, 0.59, 0.59, 0.59, 0.59, 0.59]"
115,25,9,3,10,0.5,10,./data2/dataset6/individuals/ca_pair_3_25,"[0.44, 0.35, 0.27, 0.23, 0.2, 0.16, 0.15, 0.15, 0.15, 0.15]"
116,26,9,3,10,0.5,10,./data2/dataset6/individuals/ca_pair_3_26,"[0.54, 0.51, 0.49, 0.48, 0.47, 0.47, 0.47, 0.47, 0.47, 0.47]"
117,27,9,3,10,0.5,10,./data2/dataset6/individuals/ca_pair_3_27,"[0.57, 0.54, 0.53, 0.53, 0.53, 0.53, 0.53, 0.53, 0.53, 0.53]"
118,28,9,3,10,0.5,10,./data2/dataset6/individuals/ca_pair_3_28,"[0.43, 0.32, 0.24, 0.21, 0.2, 0.19, 0.17, 0.16, 0.14, 0.14]"
119,29,9,3,10,0.5,10,./data2/dataset6/individuals/ca_pair_3_29,"[0.5, 0.41, 0.38, 0.37, 0.36, 0.35, 0.34, 0.34, 0.34, 0.34]"
120,0,9,4,10,0.5,10,./data2/dataset6/individuals/ca_pair_4_0,"[0.52, 0.37, 0.28, 0.18, 0.09, 0.01, 0.0, 0.0, 0.0, 0.0]"
121,1,9,4,10,0.5,10,./data2/dataset6/individuals/ca_pair_4_1,"[0.58, 0.51, 0.42, 0.28, 0.18, 0.12, 0.07, 0.04, 0.0, 0.0]"
122,2,9,4,10,0.5,10,./data2/dataset6/individuals/ca_pair_4_2,"[0.51, 0.3, 0.17, 0.08, 0.03, 0.0, 0.0, 0.0, 0.0, 0.0]"
123,3,9,4,10,0.5,10,./data2/dataset6/individuals/ca_pair_4_3,"[0.52, 0.37, 0.26, 0.17, 0.1, 0.06, 0.02, 0.0, 0.0, 0.0]"
124,4,9,4,10,0.5,10,./data2/dataset6/individuals/ca_pair_4_4,"[0.52, 0.35, 0.21, 0.12, 0.06, 0.01, 0.0, 0.0, 0.0, 0.0]"
125,5,9,4,10,0.5,10,./data2/dataset6/individuals/ca_pair_4_5,"[0.49, 0.32, 0.19, 0.09, 0.0, 0.0, 0.0, 0.0, 0.0, 0.0]"
126,6,9,4,10,0.5,10,./data2/dataset6/individuals/ca_pair_4_6,"[0.46, 0.26, 0.14, 0.04, 0.0, 0.0, 0.0, 0.0, 0.0, 0.0]"
127,7,9,4,10,0.5,10,./data2/dataset6/individuals/ca_pair_4_7,"[0.49, 0.27, 0.19, 0.1, 0.07, 0.04, 0.0, 0.0, 0.0, 0.0]"
128,8,9,4,10,0.5,10,./data2/dataset6/individuals/ca_pair_4_8,"[0.45, 0.21, 0.08, 0.06, 0.02, 0.0, 0.0, 0.0, 0.0, 0.0]"
129,9,9,4,10,0.5,10,./data2/dataset6/individuals/ca_pair_4_9,"[0.43, 0.19, 0.1, 0.07, 0.05, 0.01, 0.0, 0.0, 0.0, 0.0]"
130,10,9,4,10,0.5,10,./data2/dataset6/individuals/ca_pair_4_10,"[0.55, 0.46, 0.38, 0.28, 0.17, 0.09, 0.03, 0.0, 0.0, 0.0]"
131,11,9,4,10,0.5,10,./data2/dataset6/individuals/ca_pair_4_11,"[0.56, 0.41, 0.32, 0.26, 0.19, 0.14, 0.09, 0.05, 0.01, 0.0]"
132,12,9,4,10,0.5,10,./data2/dataset6/individuals/ca_pair_4_12,"[0.55, 0.42, 0.34, 0.28, 0.26, 0.26, 0.26, 0.26, 0.26, 0.26]"
133,13,9,4,10,0.5,10,./data2/dataset6/individuals/ca_pair_4_13,"[0.48, 0.34, 0.23, 0.19, 0.16, 0.13, 0.1, 0.05, 0.01, 0.0]"
134,14,9,4,10,0.5,10,./data2/dataset6/individuals/ca_pair_4_14,"[0.51, 0.3, 0.13, 0.09, 0.07, 0.04, 0.0, 0.0, 0.0, 0.0]"
135,15,9,4,10,0.5,10,./data2/dataset6/individuals/ca_pair_4_15,"[0.49, 0.32, 0.18, 0.08, 0.02, 0.0, 0.0, 0.0, 0.0, 0.0]"
136,16,9,4,10,0.5,10,./data2/dataset6/individuals/ca_pair_4_16,"[0.45, 0.32, 0.17, 0.08, 0.0, 0.0, 0.0, 0.0, 0.0, 0.0]"
137,17,9,4,10,0.5,10,./data2/dataset6/individuals/ca_pair_4_17,"[0.48, 0.24, 0.07, 0.0, 0.0, 0.0, 0.0, 0.0, 0.0, 0.0]"
138,18,9,4,10,0.5,10,./data2/dataset6/individuals/ca_pair_4_18,"[0.47, 0.23, 0.08, 0.0, 0.0, 0.0, 0.0, 0.0, 0.0, 0.0]"
139,19,9,4,10,0.5,10,./data2/dataset6/individuals/ca_pair_4_19,"[0.44, 0.21, 0.07, 0.0, 0.0, 0.0, 0.0, 0.0, 0.0, 0.0]"
140,20,9,4,10,0.5,10,./data2/dataset6/individuals/ca_pair_4_20,"[0.57, 0.49, 0.39, 0.3, 0.18, 0.12, 0.07, 0.04, 0.0, 0.0]"
141,21,9,4,10,0.5,10,./data2/dataset6/individuals/ca_pair_4_21,"[0.47, 0.26, 0.08, 0.02, 0.0, 0.0, 0.0, 0.0, 0.0, 0.0]"
142,22,9,4,10,0.5,10,./data2/dataset6/individuals/ca_pair_4_22,"[0.54, 0.4, 0.31, 0.25, 0.16, 0.09, 0.05, 0.02, 0.0, 0.0]"
143,23,9,4,10,0.5,10,./data2/dataset6/individuals/ca_pair_4_23,"[0.6, 0.54, 0.47, 0.4, 0.36, 0.33, 0.28, 0.26, 0.25, 0.23]"
144,24,9,4,10,0.5,10,./data2/dataset6/individuals/ca_pair_4_24,"[0.56, 0.45, 0.37, 0.31, 0.27, 0.24, 0.22, 0.2, 0.17, 0.15]"
145,25,9,4,10,0.5,10,./data2/dataset6/individuals/ca_pair_4_25,"[0.55, 0.38, 0.26, 0.17, 0.11, 0.07, 0.04, 0.0, 0.0, 0.0]"
146,26,9,4,10,0.5,10,./data2/dataset6/individuals/ca_pair_4_26,"[0.51, 0.34, 0.21, 0.15, 0.11, 0.09, 0.07, 0.04, 0.0, 0.0]"
147,27,9,4,10,0.5,10,./data2/dataset6/individuals/ca_pair_4_27,"[0.52, 0.35, 0.22, 0.11, 0.06, 0.03, 0.0, 0.0, 0.0, 0.0]"
148,28,9,4,10,0.5,10,./data2/dataset6/individuals/ca_pair_4_28,"[0.49, 0.26, 0.12, 0.09, 0.07, 0.04, 0.0, 0.0, 0.0, 0.0]"
149,29,9,4,10,0.5,10,./data2/dataset6/individuals/ca_pair_4_29,"[0.55, 0.4, 0.29, 0.22, 0.17, 0.1, 0.08, 0.06, 0.02, 0.0]"
150,0,9,5,10,0.5,10,./data2/dataset6/individuals/ca_pair_5_0,"[0.51, 0.14, 0.01, 0.0, 0.0, 0.0, 0.0, 0.0, 0.0, 0.0]"
151,1,9,5,10,0.5,10,./data2/dataset6/individuals/ca_pair_5_1,"[0.44, 0.07, 0.0, 0.0, 0.0, 0.0, 0.0, 0.0, 0.0, 0.0]"
152,2,9,5,10,0.5,10,./data2/dataset6/individuals/ca_pair_5_2,"[0.5, 0.15, 0.0, 0.0, 0.0, 0.0, 0.0, 0.0, 0.0, 0.0]"
153,3,9,5,10,0.5,10,./data2/dataset6/individuals/ca_pair_5_3,"[0.53, 0.2, 0.04, 0.0, 0.0, 0.0, 0.0, 0.0, 0.0, 0.0]"
154,4,9,5,10,0.5,10,./data2/dataset6/individuals/ca_pair_5_4,"[0.51, 0.17, 0.03, 0.0, 0.0, 0.0, 0.0, 0.0, 0.0, 0.0]"
155,5,9,5,10,0.5,10,./data2/dataset6/individuals/ca_pair_5_5,"[0.51, 0.28, 0.1, 0.04, 0.0, 0.0, 0.0, 0.0, 0.0, 0.0]"
156,6,9,5,10,0.5,10,./data2/dataset6/individuals/ca_pair_5_6,"[0.61, 0.34, 0.15, 0.05, 0.0, 0.0, 0.0, 0.0, 0.0, 0.0]"
157,7,9,5,10,0.5,10,./data2/dataset6/individuals/ca_pair_5_7,"[0.57, 0.24, 0.09, 0.01, 0.0, 0.0, 0.0, 0.0, 0.0, 0.0]"
158,8,9,5,10,0.5,10,./data2/dataset6/individuals/ca_pair_5_8,"[0.62, 0.41, 0.25, 0.15, 0.06, 0.0, 0.0, 0.0, 0.0, 0.0]"
159,9,9,5,10,0.5,10,./data2/dataset6/individuals/ca_pair_5_9,"[0.51, 0.16, 0.0, 0.0, 0.0, 0.0, 0.0, 0.0, 0.0, 0.0]"
160,10,9,5,10,0.5,10,./data2/dataset6/individuals/ca_pair_5_10,"[0.51, 0.12, 0.07, 0.01, 0.0, 0.0, 0.0, 0.0, 0.0, 0.0]"
161,11,9,5,10,0.5,10,./data2/dataset6/individuals/ca_pair_5_11,"[0.53, 0.27, 0.14, 0.04, 0.0, 0.0, 0.0, 0.0, 0.0, 0.0]"
162,12,9,5,10,0.5,10,./data2/dataset6/individuals/ca_pair_5_12,"[0.48, 0.11, 0.01, 0.0, 0.0, 0.0, 0.0, 0.0, 0.0, 0.0]"
163,13,9,5,10,0.5,10,./data2/dataset6/individuals/ca_pair_5_13,"[0.47, 0.14, 0.03, 0.0, 0.0, 0.0, 0.0, 0.0, 0.0, 0.0]"
164,14,9,5,10,0.5,10,./data2/dataset6/individuals/ca_pair_5_14,"[0.5, 0.13, 0.07, 0.02, 0.0, 0.0, 0.0, 0.0, 0.0, 0.0]"
165,15,9,5,10,0.5,10,./data2/dataset6/individuals/ca_pair_5_15,"[0.49, 0.12, 0.01, 0.0, 0.0, 0.0, 0.0, 0.0, 0.0, 0.0]"
166,16,9,5,10,0.5,10,./data2/dataset6/individuals/ca_pair_5_16,"[0.5, 0.22, 0.11, 0.04, 0.0, 0.0, 0.0, 0.0, 0.0, 0.0]"
167,17,9,5,10,0.5,10,./data2/dataset6/individuals/ca_pair_5_17,"[0.49, 0.18, 0.07, 0.02, 0.0, 0.0, 0.0, 0.0, 0.0, 0.0]"
168,18,9,5,10,0.5,10,./data2/dataset6/individuals/ca_pair_5_18,"[0.58, 0.26, 0.06, 0.0, 0.0, 0.0, 0.0, 0.0, 0.0, 0.0]"
169,19,9,5,10,0.5,10,./data2/dataset6/individuals/ca_pair_5_19,"[0.46, 0.13, 0.03, 0.0, 0.0, 0.0, 0.0, 0.0, 0.0, 0.0]"
170,20,9,5,10,0.5,10,./data2/dataset6/individuals/ca_pair_5_20,"[0.58, 0.3, 0.12, 0.03, 0.0, 0.0, 0.0, 0.0, 0.0, 0.0]"
171,21,9,5,10,0.5,10,./data2/dataset6/individuals/ca_pair_5_21,"[0.48, 0.13, 0.06, 0.0, 0.0, 0.0, 0.0, 0.0, 0.0, 0.0]"
172,22,9,5,10,0.5,10,./data2/dataset6/individuals/ca_pair_5_22,"[0.46, 0.1, 0.0, 0.0, 0.0, 0.0, 0.0, 0.0, 0.0, 0.0]"
173,23,9,5,10,0.5,10,./data2/dataset6/individuals/ca_pair_5_23,"[0.52, 0.15, 0.01, 0.0, 0.0, 0.0, 0.0, 0.0, 0.0, 0.0]"
174,24,9,5,10,0.5,10,./data2/dataset6/individuals/ca_pair_5_24,"[0.46, 0.1, 0.0, 0.0, 0.0, 0.0, 0.0, 0.0, 0.0, 0.0]"
175,25,9,5,10,0.5,10,./data2/dataset6/individuals/ca_pair_5_25,"[0.47, 0.08, 0.0, 0.0, 0.0, 0.0, 0.0, 0.0, 0.0, 0.0]"
176,26,9,5,10,0.5,10,./data2/dataset6/individuals/ca_pair_5_26,"[0.53, 0.16, 0.0, 0.0, 0.0, 0.0, 0.0, 0.0, 0.0, 0.0]"
177,27,9,5,10,0.5,10,./data2/dataset6/individuals/ca_pair_5_27,"[0.45, 0.03, 0.0, 0.0, 0.0, 0.0, 0.0, 0.0, 0.0, 0.0]"
178,28,9,5,10,0.5,10,./data2/dataset6/individuals/ca_pair_5_28,"[0.45, 0.08, 0.01, 0.0, 0.0, 0.0, 0.0, 0.0, 0.0, 0.0]"
179,29,9,5,10,0.5,10,./data2/dataset6/individuals/ca_pair_5_29,"[0.48, 0.14, 0.02, 0.0, 0.0, 0.0, 0.0, 0.0, 0.0, 0.0]"
180,0,9,6,10,0.5,10,./data2/dataset6/individuals/ca_pair_6_0,"[0.55, 0.16, 0.03, 0.0, 0.0, 0.0, 0.0, 0.0, 0.0, 0.0]"
181,1,9,6,10,0.5,10,./data2/dataset6/individuals/ca_pair_6_1,"[0.44, 0.1, 0.0, 0.0, 0.0, 0.0, 0.0, 0.0, 0.0, 0.0]"
182,2,9,6,10,0.5,10,./data2/dataset6/individuals/ca_pair_6_2,"[0.4, 0.01, 0.0, 0.0, 0.0, 0.0, 0.0, 0.0, 0.0, 0.0]"
183,3,9,6,10,0.5,10,./data2/dataset6/individuals/ca_pair_6_3,"[0.52, 0.03, 0.0, 0.0, 0.0, 0.0, 0.0, 0.0, 0.0, 0.0]"
184,4,9,6,10,0.5,10,./data2/dataset6/individuals/ca_pair_6_4,"[0.57, 0.13, 0.01, 0.0, 0.0, 0.0, 0.0, 0.0, 0.0, 0.0]"
185,5,9,6,10,0.5,10,./data2/dataset6/individuals/ca_pair_6_5,"[0.53, 0.17, 0.02, 0.0, 0.0, 0.0, 0.0, 0.0, 0.0, 0.0]"
186,6,9,6,10,0.5,10,./data2/dataset6/individuals/ca_pair_6_6,"[0.53, 0.08, 0.0, 0.0, 0.0, 0.0, 0.0, 0.0, 0.0, 0.0]"
187,7,9,6,10,0.5,10,./data2/dataset6/individuals/ca_pair_6_7,"[0.39, 0.02, 0.0, 0.0, 0.0, 0.0, 0.0, 0.0, 0.0, 0.0]"
188,8,9,6,10,0.5,10,./data2/dataset6/individuals/ca_pair_6_8,"[0.55, 0.11, 0.0, 0.0, 0.0, 0.0, 0.0, 0.0, 0.0, 0.0]"
189,9,9,6,10,0.5,10,./data2/dataset6/individuals/ca_pair_6_9,"[0.49, 0.05, 0.0, 0.0, 0.0, 0.0, 0.0, 0.0, 0.0, 0.0]"
190,10,9,6,10,0.5,10,./data2/dataset6/individuals/ca_pair_6_10,"[0.45, 0.03, 0.0, 0.0, 0.0, 0.0, 0.0, 0.0, 0.0, 0.0]"
191,11,9,6,10,0.5,10,./data2/dataset6/individuals/ca_pair_6_11,"[0.44, 0.06, 0.0, 0.0, 0.0, 0.0, 0.0, 0.0, 0.0, 0.0]"
192,12,9,6,10,0.5,10,./data2/dataset6/individuals/ca_pair_6_12,"[0.53, 0.13, 0.0, 0.0, 0.0, 0.0, 0.0, 0.0, 0.0, 0.0]"
193,13,9,6,10,0.5,10,./data2/dataset6/individuals/ca_pair_6_13,"[0.42, 0.02, 0.0, 0.0, 0.0, 0.0, 0.0, 0.0, 0.0, 0.0]"
194,14,9,6,10,0.5,10,./data2/dataset6/individuals/ca_pair_6_14,"[0.5, 0.05, 0.0, 0.0, 0.0, 0.0, 0.0, 0.0, 0.0, 0.0]"
195,15,9,6,10,0.5,10,./data2/dataset6/individuals/ca_pair_6_15,"[0.52, 0.06, 0.0, 0.0, 0.0, 0.0, 0.0, 0.0, 0.0, 0.0]"
196,16,9,6,10,0.5,10,./data2/dataset6/individuals/ca_pair_6_16,"[0.51, 0.04, 0.0, 0.0, 0.0, 0.0, 0.0, 0.0, 0.0, 0.0]"
197,17,9,6,10,0.5,10,./data2/dataset6/individuals/ca_pair_6_17,"[0.46, 0.03, 0.0, 0.0, 0.0, 0.0, 0.0, 0.0, 0.0, 0.0]"
198,18,9,6,10,0.5,10,./data2/dataset6/individuals/ca_pair_6_18,"[0.46, 0.02, 0.0, 0.0, 0.0, 0.0, 0.0, 0.0, 0.0, 0.0]"
199,19,9,6,10,0.5,10,./data2/dataset6/individuals/ca_pair_6_19,"[0.51, 0.11, 0.0, 0.0, 0.0, 0.0, 0.0, 0.0, 0.0, 0.0]"
200,20,9,6,10,0.5,10,./data2/dataset6/individuals/ca_pair_6_20,"[0.53, 0.1, 0.0, 0.0, 0.0, 0.0, 0.0, 0.0, 0.0, 0.0]"
201,21,9,6,10,0.5,10,./data2/dataset6/individuals/ca_pair_6_21,"[0.53, 0.13, 0.0, 0.0, 0.0, 0.0, 0.0, 0.0, 0.0, 0.0]"
202,22,9,6,10,0.5,10,./data2/dataset6/individuals/ca_pair_6_22,"[0.51, 0.1, 0.0, 0.0, 0.0, 0.0, 0.0, 0.0, 0.0, 0.0]"
203,23,9,6,10,0.5,10,./data2/dataset6/individuals/ca_pair_6_23,"[0.44, 0.03, 0.0, 0.0, 0.0, 0.0, 0.0, 0.0, 0.0, 0.0]"
204,24,9,6,10,0.5,10,./data2/dataset6/individuals/ca_pair_6_24,"[0.51, 0.09, 0.0, 0.0, 0.0, 0.0, 0.0, 0.0, 0.0, 0.0]"
205,25,9,6,10,0.5,10,./data2/dataset6/individuals/ca_pair_6_25,"[0.46, 0.01, 0.0, 0.0, 0.0, 0.0, 0.0, 0.0, 0.0, 0.0]"
206,26,9,6,10,0.5,10,./data2/dataset6/individuals/ca_pair_6_26,"[0.49, 0.03, 0.0, 0.0, 0.0, 0.0, 0.0, 0.0, 0.0, 0.0]"
207,27,9,6,10,0.5,10,./data2/dataset6/individuals/ca_pair_6_27,"[0.45, 0.06, 0.0, 0.0, 0.0, 0.0, 0.0, 0.0, 0.0, 0.0]"
208,28,9,6,10,0.5,10,./data2/dataset6/individuals/ca_pair_6_28,"[0.45, 0.01, 0.0, 0.0, 0.0, 0.0, 0.0, 0.0, 0.0, 0.0]"
209,29,9,6,10,0.5,10,./data2/dataset6/individuals/ca_pair_6_29,"[0.42, 0.03, 0.0, 0.0, 0.0, 0.0, 0.0, 0.0, 0.0, 0.0]"
210,0,9,7,10,0.5,10,./data2/dataset6/individuals/ca_pair_7_0,"[0.48, 0.01, 0.0, 0.0, 0.0, 0.0, 0.0, 0.0, 0.0, 0.0]"
211,1,9,7,10,0.5,10,./data2/dataset6/individuals/ca_pair_7_1,"[0.39, 0.0, 0.0, 0.0, 0.0, 0.0, 0.0, 0.0, 0.0, 0.0]"
212,2,9,7,10,0.5,10,./data2/dataset6/individuals/ca_pair_7_2,"[0.52, 0.0, 0.0, 0.0, 0.0, 0.0, 0.0, 0.0, 0.0, 0.0]"
213,3,9,7,10,0.5,10,./data2/dataset6/individuals/ca_pair_7_3,"[0.37, 0.0, 0.0, 0.0, 0.0, 0.0, 0.0, 0.0, 0.0, 0.0]"
214,4,9,7,10,0.5,10,./data2/dataset6/individuals/ca_pair_7_4,"[0.54, 0.02, 0.0, 0.0, 0.0, 0.0, 0.0, 0.0, 0.0, 0.0]"
215,5,9,7,10,0.5,10,./data2/dataset6/individuals/ca_pair_7_5,"[0.52, 0.04, 0.0, 0.0, 0.0, 0.0, 0.0, 0.0, 0.0, 0.0]"
216,6,9,7,10,0.5,10,./data2/dataset6/individuals/ca_pair_7_6,"[0.45, 0.0, 0.0, 0.0, 0.0, 0.0, 0.0, 0.0, 0.0, 0.0]"
217,7,9,7,10,0.5,10,./data2/dataset6/individuals/ca_pair_7_7,"[0.49, 0.0, 0.0, 0.0, 0.0, 0.0, 0.0, 0.0, 0.0, 0.0]"
218,8,9,7,10,0.5,10,./data2/dataset6/individuals/ca_pair_7_8,"[0.52, 0.0, 0.0, 0.0, 0.0, 0.0, 0.0, 0.0, 0.0, 0.0]"
219,9,9,7,10,0.5,10,./data2/dataset6/individuals/ca_pair_7_9,"[0.5, 0.0, 0.0, 0.0, 0.0, 0.0, 0.0, 0.0, 0.0, 0.0]"
220,10,9,7,10,0.5,10,./data2/dataset6/individuals/ca_pair_7_10,"[0.57, 0.03, 0.0, 0.0, 0.0, 0.0, 0.0, 0.0, 0.0, 0.0]"
221,11,9,7,10,0.5,10,./data2/dataset6/individuals/ca_pair_7_11,"[0.5, 0.0, 0.0, 0.0, 0.0, 0.0, 0.0, 0.0, 0.0, 0.0]"
222,12,9,7,10,0.5,10,./data2/dataset6/individuals/ca_pair_7_12,"[0.55, 0.06, 0.0, 0.0, 0.0, 0.0, 0.0, 0.0, 0.0, 0.0]"
223,13,9,7,10,0.5,10,./data2/dataset6/individuals/ca_pair_7_13,"[0.55, 0.0, 0.0, 0.0, 0.0, 0.0, 0.0, 0.0, 0.0, 0.0]"
224,14,9,7,10,0.5,10,./data2/dataset6/individuals/ca_pair_7_14,"[0.37, 0.0, 0.0, 0.0, 0.0, 0.0, 0.0, 0.0, 0.0, 0.0]"
225,15,9,7,10,0.5,10,./data2/dataset6/individuals/ca_pair_7_15,"[0.53, 0.05, 0.0, 0.0, 0.0, 0.0, 0.0, 0.0, 0.0, 0.0]"
226,16,9,7,10,0.5,10,./data2/dataset6/individuals/ca_pair_7_16,"[0.52, 0.01, 0.0, 0.0, 0.0, 0.0, 0.0, 0.0, 0.0, 0.0]"
227,17,9,7,10,0.5,10,./data2/dataset6/individuals/ca_pair_7_17,"[0.51, 0.02, 0.0, 0.0, 0.0, 0.0, 0.0, 0.0, 0.0, 0.0]"
228,18,9,7,10,0.5,10,./data2/dataset6/individuals/ca_pair_7_18,"[0.49, 0.03, 0.0, 0.0, 0.0, 0.0, 0.0, 0.0, 0.0, 0.0]"
229,19,9,7,10,0.5,10,./data2/dataset6/individuals/ca_pair_7_19,"[0.5, 0.04, 0.0, 0.0, 0.0, 0.0, 0.0, 0.0, 0.0, 0.0]"
230,20,9,7,10,0.5,10,./data2/dataset6/individuals/ca_pair_7_20,"[0.47, 0.0, 0.0, 0.0, 0.0, 0.0, 0.0, 0.0, 0.0, 0.0]"
231,21,9,7,10,0.5,10,./data2/dataset6/individuals/ca_pair_7_21,"[0.53, 0.03, 0.0, 0.0, 0.0, 0.0, 0.0, 0.0, 0.0, 0.0]"
232,22,9,7,10,0.5,10,./data2/dataset6/individuals/ca_pair_7_22,"[0.56, 0.02, 0.0, 0.0, 0.0, 0.0, 0.0, 0.0, 0.0, 0.0]"
233,23,9,7,10,0.5,10,./data2/dataset6/individuals/ca_pair_7_23,"[0.53, 0.01, 0.0, 0.0, 0.0, 0.0, 0.0, 0.0, 0.0, 0.0]"
234,24,9,7,10,0.5,10,./data2/dataset6/individuals/ca_pair_7_24,"[0.56, 0.01, 0.0, 0.0, 0.0, 0.0, 0.0, 0.0, 0.0, 0.0]"
235,25,9,7,10,0.5,10,./data2/dataset6/individuals/ca_pair_7_25,"[0.44, 0.01, 0.0, 0.0, 0.0, 0.0, 0.0, 0.0, 0.0, 0.0]"
236,26,9,7,10,0.5,10,./data2/dataset6/individuals/ca_pair_7_26,"[0.57, 0.08, 0.0, 0.0, 0.0, 0.0, 0.0, 0.0, 0.0, 0.0]"
237,27,9,7,10,0.5,10,./data2/dataset6/individuals/ca_pair_7_27,"[0.6, 0.06, 0.0, 0.0, 0.0, 0.0, 0.0, 0.0, 0.0, 0.0]"
238,28,9,7,10,0.5,10,./data2/dataset6/individuals/ca_pair_7_28,"[0.48, 0.01, 0.0, 0.0, 0.0, 0.0, 0.0, 0.0, 0.0, 0.0]"
239,29,9,7,10,0.5,10,./data2/dataset6/individuals/ca_pair_7_29,"[0.51, 0.03, 0.0, 0.0, 0.0, 0.0, 0.0, 0.0, 0.0, 0.0]"
240,0,9,8,10,0.5,10,./data2/dataset6/individuals/ca_pair_8_0,"[0.46, 0.0, 0.0, 0.0, 0.0, 0.0, 0.0, 0.0, 0.0, 0.0]"
241,1,9,8,10,0.5,10,./data2/dataset6/individuals/ca_pair_8_1,"[0.52, 0.01, 0.0, 0.0, 0.0, 0.0, 0.0, 0.0, 0.0, 0.0]"
242,2,9,8,10,0.5,10,./data2/dataset6/individuals/ca_pair_8_2,"[0.52, 0.01, 0.0, 0.0, 0.0, 0.0, 0.0, 0.0, 0.0, 0.0]"
243,3,9,8,10,0.5,10,./data2/dataset6/individuals/ca_pair_8_3,"[0.44, 0.0, 0.0, 0.0, 0.0, 0.0, 0.0, 0.0, 0.0, 0.0]"
244,4,9,8,10,0.5,10,./data2/dataset6/individuals/ca_pair_8_4,"[0.47, 0.0, 0.0, 0.0, 0.0, 0.0, 0.0, 0.0, 0.0, 0.0]"
245,5,9,8,10,0.5,10,./data2/dataset6/individuals/ca_pair_8_5,"[0.45, 0.0, 0.0, 0.0, 0.0, 0.0, 0.0, 0.0, 0.0, 0.0]"
246,6,9,8,10,0.5,10,./data2/dataset6/individuals/ca_pair_8_6,"[0.41, 0.0, 0.0, 0.0, 0.0, 0.0, 0.0, 0.0, 0.0, 0.0]"
247,7,9,8,10,0.5,10,./data2/dataset6/individuals/ca_pair_8_7,"[0.51, 0.0, 0.0, 0.0, 0.0, 0.0, 0.0, 0.0, 0.0, 0.0]"
248,8,9,8,10,0.5,10,./data2/dataset6/individuals/ca_pair_8_8,"[0.53, 0.01, 0.0, 0.0, 0.0, 0.0, 0.0, 0.0, 0.0, 0.0]"
249,9,9,8,10,0.5,10,./data2/dataset6/individuals/ca_pair_8_9,"[0.46, 0.0, 0.0, 0.0, 0.0, 0.0, 0.0, 0.0, 0.0, 0.0]"
250,10,9,8,10,0.5,10,./data2/dataset6/individuals/ca_pair_8_10,"[0.46, 0.0, 0.0, 0.0, 0.0, 0.0, 0.0, 0.0, 0.0, 0.0]"
251,11,9,8,10,0.5,10,./data2/dataset6/individuals/ca_pair_8_11,"[0.56, 0.0, 0.0, 0.0, 0.0, 0.0, 0.0, 0.0, 0.0, 0.0]"
252,12,9,8,10,0.5,10,./data2/dataset6/individuals/ca_pair_8_12,"[0.5, 0.0, 0.0, 0.0, 0.0, 0.0, 0.0, 0.0, 0.0, 0.0]"
253,13,9,8,10,0.5,10,./data2/dataset6/individuals/ca_pair_8_13,"[0.53, 0.01, 0.0, 0.0, 0.0, 0.0, 0.0, 0.0, 0.0, 0.0]"
254,14,9,8,10,0.5,10,./data2/dataset6/individuals/ca_pair_8_14,"[0.59, 0.0, 0.0, 0.0, 0.0, 0.0, 0.0, 0.0, 0.0, 0.0]"
255,15,9,8,10,0.5,10,./data2/dataset6/individuals/ca_pair_8_15,"[0.47, 0.0, 0.0, 0.0, 0.0, 0.0, 0.0, 0.0, 0.0, 0.0]"
256,16,9,8,10,0.5,10,./data2/dataset6/individuals/ca_pair_8_16,"[0.45, 0.0, 0.0, 0.0, 0.0, 0.0, 0.0, 0.0, 0.0, 0.0]"
257,17,9,8,10,0.5,10,./data2/dataset6/individuals/ca_pair_8_17,"[0.51, 0.0, 0.0, 0.0, 0.0, 0.0, 0.0, 0.0, 0.0, 0.0]"
258,18,9,8,10,0.5,10,./data2/dataset6/individuals/ca_pair_8_18,"[0.53, 0.0, 0.0, 0.0, 0.0, 0.0, 0.0, 0.0, 0.0, 0.0]"
259,19,9,8,10,0.5,10,./data2/dataset6/individuals/ca_pair_8_19,"[0.5, 0.0, 0.0, 0.0, 0.0, 0.0, 0.0, 0.0, 0.0, 0.0]"
260,20,9,8,10,0.5,10,./data2/dataset6/individuals/ca_pair_8_20,"[0.42, 0.0, 0.0, 0.0, 0.0, 0.0, 0.0, 0.0, 0.0, 0.0]"
261,21,9,8,10,0.5,10,./data2/dataset6/individuals/ca_pair_8_21,"[0.56, 0.0, 0.0, 0.0, 0.0, 0.0, 0.0, 0.0, 0.0, 0.0]"
262,22,9,8,10,0.5,10,./data2/dataset6/individuals/ca_pair_8_22,"[0.46, 0.0, 0.0, 0.0, 0.0, 0.0, 0.0, 0.0, 0.0, 0.0]"
263,23,9,8,10,0.5,10,./data2/dataset6/individuals/ca_pair_8_23,"[0.47, 0.0, 0.0, 0.0, 0.0, 0.0, 0.0, 0.0, 0.0, 0.0]"
264,24,9,8,10,0.5,10,./data2/dataset6/individuals/ca_pair_8_24,"[0.42, 0.0, 0.0, 0.0, 0.0, 0.0, 0.0, 0.0, 0.0, 0.0]"
265,25,9,8,10,0.5,10,./data2/dataset6/individuals/ca_pair_8_25,"[0.52, 0.0, 0.0, 0.0, 0.0, 0.0, 0.0, 0.0, 0.0, 0.0]"
266,26,9,8,10,0.5,10,./data2/dataset6/individuals/ca_pair_8_26,"[0.5, 0.0, 0.0, 0.0, 0.0, 0.0, 0.0, 0.0, 0.0, 0.0]"
267,27,9,8,10,0.5,10,./data2/dataset6/individuals/ca_pair_8_27,"[0.52, 0.0, 0.0, 0.0, 0.0, 0.0, 0.0, 0.0, 0.0, 0.0]"
268,28,9,8,10,0.5,10,./data2/dataset6/individuals/ca_pair_8_28,"[0.39, 0.0, 0.0, 0.0, 0.0, 0.0, 0.0, 0.0, 0.0, 0.0]"
269,29,9,8,10,0.5,10,./data2/dataset6/individuals/ca_pair_8_29,"[0.56, 0.04, 0.0, 0.0, 0.0, 0.0, 0.0, 0.0, 0.0, 0.0]"
270,0,9,9,10,0.5,10,./data2/dataset6/individuals/ca_pair_9_0,"[0.51, 0.0, 0.0, 0.0, 0.0, 0.0, 0.0, 0.0, 0.0, 0.0]"
271,1,9,9,10,0.5,10,./data2/dataset6/individuals/ca_pair_9_1,"[0.48, 0.0, 0.0, 0.0, 0.0, 0.0, 0.0, 0.0, 0.0, 0.0]"
272,2,9,9,10,0.5,10,./data2/dataset6/individuals/ca_pair_9_2,"[0.55, 0.0, 0.0, 0.0, 0.0, 0.0, 0.0, 0.0, 0.0, 0.0]"
273,3,9,9,10,0.5,10,./data2/dataset6/individuals/ca_pair_9_3,"[0.57, 0.0, 0.0, 0.0, 0.0, 0.0, 0.0, 0.0, 0.0, 0.0]"
274,4,9,9,10,0.5,10,./data2/dataset6/individuals/ca_pair_9_4,"[0.49, 0.0, 0.0, 0.0, 0.0, 0.0, 0.0, 0.0, 0.0, 0.0]"
275,5,9,9,10,0.5,10,./data2/dataset6/individuals/ca_pair_9_5,"[0.51, 0.0, 0.0, 0.0, 0.0, 0.0, 0.0, 0.0, 0.0, 0.0]"
276,6,9,9,10,0.5,10,./data2/dataset6/individuals/ca_pair_9_6,"[0.53, 0.0, 0.0, 0.0, 0.0, 0.0, 0.0, 0.0, 0.0, 0.0]"
277,7,9,9,10,0.5,10,./data2/dataset6/individuals/ca_pair_9_7,"[0.42, 0.0, 0.0, 0.0, 0.0, 0.0, 0.0, 0.0, 0.0, 0.0]"
278,8,9,9,10,0.5,10,./data2/dataset6/individuals/ca_pair_9_8,"[0.39, 0.0, 0.0, 0.0, 0.0, 0.0, 0.0, 0.0, 0.0, 0.0]"
279,9,9,9,10,0.5,10,./data2/dataset6/individuals/ca_pair_9_9,"[0.49, 0.0, 0.0, 0.0, 0.0, 0.0, 0.0, 0.0, 0.0, 0.0]"
280,10,9,9,10,0.5,10,./data2/dataset6/individuals/ca_pair_9_10,"[0.51, 0.0, 0.0, 0.0, 0.0, 0.0, 0.0, 0.0, 0.0, 0.0]"
281,11,9,9,10,0.5,10,./data2/dataset6/individuals/ca_pair_9_11,"[0.59, 0.0, 0.0, 0.0, 0.0, 0.0, 0.0, 0.0, 0.0, 0.0]"
282,12,9,9,10,0.5,10,./data2/dataset6/individuals/ca_pair_9_12,"[0.52, 0.0, 0.0, 0.0, 0.0, 0.0, 0.0, 0.0, 0.0, 0.0]"
283,13,9,9,10,0.5,10,./data2/dataset6/individuals/ca_pair_9_13,"[0.41, 0.0, 0.0, 0.0, 0.0, 0.0, 0.0, 0.0, 0.0, 0.0]"
284,14,9,9,10,0.5,10,./data2/dataset6/individuals/ca_pair_9_14,"[0.49, 0.0, 0.0, 0.0, 0.0, 0.0, 0.0, 0.0, 0.0, 0.0]"
285,15,9,9,10,0.5,10,./data2/dataset6/individuals/ca_pair_9_15,"[0.51, 0.0, 0.0, 0.0, 0.0, 0.0, 0.0, 0.0, 0.0, 0.0]"
286,16,9,9,10,0.5,10,./data2/dataset6/individuals/ca_pair_9_16,"[0.44, 0.0, 0.0, 0.0, 0.0, 0.0, 0.0, 0.0, 0.0, 0.0]"
287,17,9,9,10,0.5,10,./data2/dataset6/individuals/ca_pair_9_17,"[0.56, 0.0, 0.0, 0.0, 0.0, 0.0, 0.0, 0.0, 0.0, 0.0]"
288,18,9,9,10,0.5,10,./data2/dataset6/individuals/ca_pair_9_18,"[0.52, 0.0, 0.0, 0.0, 0.0, 0.0, 0.0, 0.0, 0.0, 0.0]"
289,19,9,9,10,0.5,10,./data2/dataset6/individuals/ca_pair_9_19,"[0.44, 0.0, 0.0, 0.0, 0.0, 0.0, 0.0, 0.0, 0.0, 0.0]"
290,20,9,9,10,0.5,10,./data2/dataset6/individuals/ca_pair_9_20,"[0.58, 0.0, 0.0, 0.0, 0.0, 0.0, 0.0, 0.0, 0.0, 0.0]"
291,21,9,9,10,0.5,10,./data2/dataset6/individuals/ca_pair_9_21,"[0.43, 0.0, 0.0, 0.0, 0.0, 0.0, 0.0, 0.0, 0.0, 0.0]"
292,22,9,9,10,0.5,10,./data2/dataset6/individuals/ca_pair_9_22,"[0.55, 0.0, 0.0, 0.0, 0.0, 0.0, 0.0, 0.0, 0.0, 0.0]"
293,23,9,9,10,0.5,10,./data2/dataset6/individuals/ca_pair_9_23,"[0.36, 0.0, 0.0, 0.0, 0.0, 0.0, 0.0, 0.0, 0.0, 0.0]"
294,24,9,9,10,0.5,10,./data2/dataset6/individuals/ca_pair_9_24,"[0.5, 0.0, 0.0, 0.0, 0.0, 0.0, 0.0, 0.0, 0.0, 0.0]"
295,25,9,9,10,0.5,10,./data2/dataset6/individuals/ca_pair_9_25,"[0.51, 0.0, 0.0, 0.0, 0.0, 0.0, 0.0, 0.0, 0.0, 0.0]"
296,26,9,9,10,0.5,10,./data2/dataset6/individuals/ca_pair_9_26,"[0.49, 0.0, 0.0, 0.0, 0.0, 0.0, 0.0, 0.0, 0.0, 0.0]"
297,27,9,9,10,0.5,10,./data2/dataset6/individuals/ca_pair_9_27,"[0.46, 0.0, 0.0, 0.0, 0.0, 0.0, 0.0, 0.0, 0.0, 0.0]"
298,28,9,9,10,0.5,10,./data2/dataset6/individuals/ca_pair_9_28,"[0.45, 0.0, 0.0, 0.0, 0.0, 0.0, 0.0, 0.0, 0.0, 0.0]"
299,29,9,9,10,0.5,10,./data2/dataset6/individuals/ca_pair_9_29,"[0.44, 0.0, 0.0, 0.0, 0.0, 0.0, 0.0, 0.0, 0.0, 0.0]"
